
-- Insert EEG
INSERT INTO base.eeg (tenant, name, description, periods, "rcNumber", area, legal, gridoperator_code, gridoperator_name, "communityId", "businessNr", "allocationMode", "settlementInterval", "providerBusinessNr", "taxNumber", "vatNumber", subjecttovat, street, "streetNumber", city, zip, iban, owner, sepa, phone, email, website, online, "contactPerson", "bankName")
    VALUES ('TE000001', 'MY-TEST', 'Gemeinnütziger Verein', '[]', 'TE000001', 'LOCAL', 'verein', 'AT003000', 'Netz OOE', 'AT00300000000TC000001000000000001', '123456789', 'DYNAMIC', 'MONTHLY', null, '11 123/4567', null, null, 'Solarstraße', '9', 'Solarcity', '1111', 'AT011234000000321321', 'T-VIERE', false, '0043-664-1234567', 'test-eeg@gmx.at', 'test-eeg.at', false, 'Max Sonnenmann', null);
INSERT INTO base.eeg (tenant, name, description, periods, "rcNumber", area, legal, gridoperator_code, gridoperator_name, "communityId", "businessNr", "allocationMode", "settlementInterval", "providerBusinessNr", "taxNumber", "vatNumber", subjecttovat, street, "streetNumber", city, zip, iban, owner, sepa, phone, email, website, online, "contactPerson", "bankName")
    VALUES ('TE000002', 'MY-TEST', 'Gemeinnütziger Verein', '[]', 'TE000002', 'LOCAL', 'verein', 'AT003000', 'Netz OOE', 'AT00300000000TC000002000000000001', '123456789', 'DYNAMIC', 'MONTHLY', null, '11 123/4567', null, null, 'Solarstraße', '9', 'Solarcity', '1111', 'AT011234000000321321', 'T-VIERE', false, '0043-664-1234567', 'test-eeg@gmx.at', 'test-eeg.at', true, 'Max Sonnenmann', null);
INSERT INTO base.eeg (tenant, name, description, periods, "rcNumber", area, legal, gridoperator_code, gridoperator_name, "communityId", "businessNr", "allocationMode", "settlementInterval", "providerBusinessNr", "taxNumber", "vatNumber", subjecttovat, street, "streetNumber", city, zip, iban, owner, sepa, phone, email, website, online, "contactPerson", "bankName")
    VALUES ('TE000003', 'MY-TEST', 'Gemeinnütziger Verein', '[]', 'TE000003', 'LOCAL', 'verein', 'AT003000', 'Netz OOE', 'AT00300000000TC000003000000000001', '123456789', 'DYNAMIC', 'MONTHLY', null, '11 123/4567', null, null, 'Solarstraße', '9', 'Solarcity', '1111', 'AT011234000000321321', 'T-VIERE', false, '0043-664-1234567', 'test-eeg@gmx.at', 'test-eeg.at', false, 'Max Sonnenmann', null);
INSERT INTO base.eeg (tenant, name, description, periods, "rcNumber", area, legal, gridoperator_code, gridoperator_name, "communityId", "businessNr", "allocationMode", "settlementInterval", "providerBusinessNr", "taxNumber", "vatNumber", subjecttovat, street, "streetNumber", city, zip, iban, owner, sepa, phone, email, website, online, "contactPerson", "bankName")
    VALUES ('TE000004', 'MY-TEST', 'Gemeinnütziger Verein', '[]', 'TE000004', 'LOCAL', 'verein', 'AT003000', 'Netz OOE', 'AT00300000000TC000004000000000001', '123456789', 'DYNAMIC', 'MONTHLY', null, '11 123/4567', null, null, 'Solarstraße', '9', 'Solarcity', '1111', 'AT011234000000321321', 'T-VIERE', false, '0043-664-1234567', 'test-eeg@gmx.at', 'test-eeg.at', false, 'Max Sonnenmann', null);
INSERT INTO base.eeg (tenant, name, description, periods, "rcNumber", area, legal, gridoperator_code, gridoperator_name, "communityId", "businessNr", "allocationMode", "settlementInterval", "providerBusinessNr", "taxNumber", "vatNumber", subjecttovat, street, "streetNumber", city, zip, iban, owner, sepa, phone, email, website, online, "contactPerson", "bankName")
    VALUES ('TE000005', 'MY-TEST', 'Gemeinnütziger Verein', '[]', 'TE000005', 'LOCAL', 'verein', 'AT003000', 'Netz OOE', 'AT00300000000TC000005000000000001', '123456789', 'DYNAMIC', 'MONTHLY', null, '11 123/4567', null, null, 'Solarstraße', '9', 'Solarcity', '1111', 'AT011234000000321321', 'T-VIERE', false, '0043-664-1234567', 'test-eeg@gmx.at', 'test-eeg.at', false, 'Max Sonnenmann', null);
INSERT INTO base.eeg (tenant, name, description, periods, "rcNumber", area, legal, gridoperator_code, gridoperator_name, "communityId", "businessNr", "allocationMode", "settlementInterval", "providerBusinessNr", "taxNumber", "vatNumber", subjecttovat, street, "streetNumber", city, zip, iban, owner, sepa, phone, email, website, online, "contactPerson", "bankName")
    VALUES ('TE000006', 'MY-TEST', 'Gemeinnütziger Verein', '[]', 'TE000006', 'LOCAL', 'verein', 'AT003000', 'Netz OOE', 'AT00300000000TC000006000000000001', '123456789', 'DYNAMIC', 'MONTHLY', null, '11 123/4567', null, null, 'Solarstraße', '9', 'Solarcity', '1111', 'AT011234000000321321', 'T-VIERE', false, '0043-664-1234567', 'test-eeg@gmx.at', 'test-eeg.at', false, 'Max Sonnenmann', null);

INSERT INTO base.eeg (tenant, name, description, periods, "rcNumber", area, legal, gridoperator_code, gridoperator_name, "communityId", "businessNr", "allocationMode", "settlementInterval", "providerBusinessNr", "taxNumber", "vatNumber", subjecttovat, street, "streetNumber", city, zip, iban, owner, sepa, phone, email, website, online, "contactPerson", "bankName")
    VALUES ('TE100200', 'MY-TEST', 'Gemeinnütziger Verein', '[]', 'TE100200', 'BEG', 'verein', 'AT003000', 'Netz OOE', 'AT00300000000TC100200000000000001', '123456789', 'DYNAMIC', 'MONTHLY', null, '11 123/4567', null, null, 'Solarstraße', '9', 'Solarcity', '1111', 'AT011234000000321321', 'T-VIERE', false, '0043-664-1234567', 'test-eeg@gmx.at', 'test-eeg.at', false, 'Max Sonnenmann', null);
INSERT INTO base.eeg (tenant, name, description, periods, "rcNumber", area, legal, gridoperator_code, gridoperator_name, "communityId", "businessNr", "allocationMode", "settlementInterval", "providerBusinessNr", "taxNumber", "vatNumber", subjecttovat, street, "streetNumber", city, zip, iban, owner, sepa, phone, email, website, online, "contactPerson", "bankName")
    VALUES ('TE100201', 'MY-TEST', 'Gemeinnütziger Verein', '[]', 'TE100201', 'BEG', 'verein', 'AT003000', 'Netz OOE', 'AT00300000000TC100201000000000001', '123456789', 'DYNAMIC', 'MONTHLY', null, '11 123/4567', null, null, 'Solarstraße', '9', 'Solarcity', '1111', 'AT011234000000321321', 'T-VIERE', false, '0043-664-1234567', 'test-eeg@gmx.at', 'test-eeg.at', false, 'Max Sonnenmann', null);

-- Insert EEG for multi metering
INSERT INTO base.eeg (tenant, name, description, periods, "rcNumber", area, legal, gridoperator_code, gridoperator_name, "communityId", "businessNr", "allocationMode", "settlementInterval", "providerBusinessNr", "taxNumber", "vatNumber", subjecttovat, street, "streetNumber", city, zip, iban, owner, sepa, phone, email, website, online, "contactPerson", "bankName")
    VALUES ('TE000015', 'MY-TEST-15', 'Gemeinnütziger Verein', '[]', 'TE000015', 'LOCAL', 'verein', 'AT003000', 'Netz OOE', 'AT00300000000TC000015000000000001', '123456789', 'DYNAMIC', 'MONTHLY', null, '11 123/4567', null, null, 'Solarstraße', '9', 'Solarcity', '1111', 'AT011234000000321321', 'T-VIERE', false, '0043-664-1234567', 'test-eeg@gmx.at', 'test-eeg.at', false, 'Max Sonnenmann', null);
INSERT INTO base.eeg (tenant, name, description, periods, "rcNumber", area, legal, gridoperator_code, gridoperator_name, "communityId", "businessNr", "allocationMode", "settlementInterval", "providerBusinessNr", "taxNumber", "vatNumber", subjecttovat, street, "streetNumber", city, zip, iban, owner, sepa, phone, email, website, online, "contactPerson", "bankName")
    VALUES ('TE000016', 'MY-TEST-16', 'Gemeinnütziger Verein', '[]', 'TE000016', 'LOCAL', 'verein', 'AT003000', 'Netz OOE', 'AT00300000000TC000016000000000001', '123456789', 'DYNAMIC', 'MONTHLY', null, '11 123/4567', null, null, 'Solarstraße', '9', 'Solarcity', '1111', 'AT011234000000321321', 'T-VIERE', false, '0043-664-1234567', 'test-eeg@gmx.at', 'test-eeg.at', false, 'Max Sonnenmann', null);
INSERT INTO base.eeg (tenant, name, description, periods, "rcNumber", area, legal, gridoperator_code, gridoperator_name, "communityId", "businessNr", "allocationMode", "settlementInterval", "providerBusinessNr", "taxNumber", "vatNumber", subjecttovat, street, "streetNumber", city, zip, iban, owner, sepa, phone, email, website, online, "contactPerson", "bankName")
    VALUES ('TE000017', 'MY-TEST-17', 'Gemeinnütziger Verein', '[]', 'TE000017', 'LOCAL', 'verein', 'AT003000', 'Netz OOE', 'AT00300000000TC000017000000000001', '123456789', 'DYNAMIC', 'MONTHLY', null, '11 123/4567', null, null, 'Solarstraße', '9', 'Solarcity', '1111', 'AT011234000000321321', 'T-VIERE', false, '0043-664-1234567', 'test-eeg@gmx.at', 'test-eeg.at', false, 'Max Sonnenmann', null);


-- Insert Participant
INSERT INTO base.participant (id, tenant, firstname, lastname, role, "businessRole", "titleBefore", "titleAfter", "participantSince", "vatNumber", "taxNumber", "companyRegisterNumber", status, "createdBy", "createdDate", "lastModifiedBy", "lastModifiedDate", version, "tariffId", "participantNumber")
    VALUES ('ea9942da-03da-11ee-b82b-5a985b4b033a', 'TE000001', 'Peter', 'Obermüller', 'EEG_USER', 'EEG_PRIVATE', '', '', '2023-10-11', '', '', '', 'ACTIVE', 'petero', '2023-06-05', 'petero', '2023-06-05', 1, 'e6c241ad-f011-11ed-9f81-6ad19f4af00f', '048');
INSERT INTO base.participant (id, tenant, firstname, lastname, role, "businessRole", "titleBefore", "titleAfter", "participantSince", "vatNumber", "taxNumber", "companyRegisterNumber", status, "createdBy", "createdDate", "lastModifiedBy", "lastModifiedDate", version, "tariffId", "participantNumber")
    VALUES ('ea9942db-03da-11ee-b82b-5a985b4b033a', 'TE000002', 'Peter', 'Obermüller', 'EEG_USER', 'EEG_PRIVATE', '', '', '2023-10-11', '', '', '', 'ACTIVE', 'petero', '2023-06-05', 'petero', '2023-06-05', 1, 'e6c241ad-f011-11ed-9f81-6ad19f4af00f', '048');
INSERT INTO base.participant (id, tenant, firstname, lastname, role, "businessRole", "titleBefore", "titleAfter", "participantSince", "vatNumber", "taxNumber", "companyRegisterNumber", status, "createdBy", "createdDate", "lastModifiedBy", "lastModifiedDate", version, "tariffId", "participantNumber")
    VALUES ('ea9942dc-03da-11ee-b82b-5a985b4b033a', 'TE000003', 'Peter', 'Obermüller', 'EEG_USER', 'EEG_PRIVATE', '', '', '2023-10-11', '', '', '', 'ACTIVE', 'petero', '2023-06-05', 'petero', '2023-06-05', 1, 'e6c241ad-f011-11ed-9f81-6ad19f4af00f', '048');
INSERT INTO base.participant (id, tenant, firstname, lastname, role, "businessRole", "titleBefore", "titleAfter", "participantSince", "vatNumber", "taxNumber", "companyRegisterNumber", status, "createdBy", "createdDate", "lastModifiedBy", "lastModifiedDate", version, "tariffId", "participantNumber")
    VALUES ('ea1142dc-03da-11ee-b82b-5a985b4b033a', 'TE000005', 'Peter', 'Obermüller', 'EEG_USER', 'EEG_PRIVATE', '', '', '2023-10-11', '', '', '', 'ACTIVE', 'petero', '2023-06-05', 'petero', '2023-06-05', 1, 'e6c241ad-f011-11ed-9f81-6ad19f4af00f', '048');
INSERT INTO base.participant (id, tenant, firstname, lastname, role, "businessRole", "titleBefore", "titleAfter", "participantSince", "vatNumber", "taxNumber", "companyRegisterNumber", status, "createdBy", "createdDate", "lastModifiedBy", "lastModifiedDate", version, "tariffId", "participantNumber")
    VALUES ('ea1142dc-03da-11ee-b82b-5a985b4b0306', 'TE000006', 'Peter', 'Obermüller', 'EEG_USER', 'EEG_PRIVATE', '', '', '2023-10-11', '', '', '', 'ACTIVE', 'petero', '2023-06-05', 'petero', '2023-06-05', 1, 'e6c241ad-f011-11ed-9f81-6ad19f4af00f', '048');
INSERT INTO base.participant (id, tenant, firstname, lastname, role, "businessRole", "titleBefore", "titleAfter", "participantSince", "vatNumber", "taxNumber", "companyRegisterNumber", status, "createdBy", "createdDate", "lastModifiedBy", "lastModifiedDate", version, "tariffId", "participantNumber")
    VALUES ('ea1142dc-03da-11ee-b82b-5a985b4b0316', 'TE000006', 'Peter', 'Obermüller', 'EEG_USER', 'EEG_PRIVATE', '', '', '2023-10-11', '', '', '', 'ACTIVE', 'petero', '2023-06-05', 'petero', '2023-06-05', 1, 'e6c241ad-f011-11ed-9f81-6ad19f4af00f', '048');
INSERT INTO base.participant (id, tenant, firstname, lastname, role, "businessRole", "titleBefore", "titleAfter", "participantSince", "vatNumber", "taxNumber", "companyRegisterNumber", status, "createdBy", "createdDate", "lastModifiedBy", "lastModifiedDate", version, "tariffId", "participantNumber")
    VALUES ('ea1142dc-03da-11ee-b82b-5a985b4b0326', 'TE000006', 'Peter', 'Obermüller', 'EEG_USER', 'EEG_PRIVATE', '', '', '2023-10-11', '', '', '', 'ACTIVE', 'petero', '2023-06-05', 'petero', '2023-06-05', 1, 'e6c241ad-f011-11ed-9f81-6ad19f4af00f', '048');
INSERT INTO base.participant (id, tenant, firstname, lastname, role, "businessRole", "titleBefore", "titleAfter", "participantSince", "vatNumber", "taxNumber", "companyRegisterNumber", status, "createdBy", "createdDate", "lastModifiedBy", "lastModifiedDate", version, "tariffId", "participantNumber")
    VALUES ('ea1142dc-03da-11ee-b82b-5a985b4b0336', 'TE000006', 'Peter', 'Obermüller', 'EEG_USER', 'EEG_PRIVATE', '', '', '2023-10-11', '', '', '', 'ACTIVE', 'petero', '2023-06-05', 'petero', '2023-06-05', 1, 'e6c241ad-f011-11ed-9f81-6ad19f4af00f', '048');

INSERT INTO base.participant (id, tenant, firstname, lastname, role, "businessRole", "titleBefore", "titleAfter", "participantSince", "vatNumber", "taxNumber", "companyRegisterNumber", status, "createdBy", "createdDate", "lastModifiedBy", "lastModifiedDate", version, "tariffId", "participantNumber")
    VALUES ('201142dc-03da-11ee-b82b-5a985b4b033a', 'TE100201', 'Peter', 'Obermüller', 'EEG_USER', 'EEG_PRIVATE', '', '', '2023-10-11', '', '', '', 'ACTIVE', 'petero', '2023-06-05', 'petero', '2023-06-05', 1, 'e6c241ad-f011-11ed-9f81-6ad19f4af00f', '048');

-- Participant for multi metering
INSERT INTO base.participant (id, tenant, firstname, lastname, role, "businessRole", "titleBefore", "titleAfter", "participantSince", "vatNumber", "taxNumber", "companyRegisterNumber", status, "createdBy", "createdDate", "lastModifiedBy", "lastModifiedDate", version, "tariffId", "participantNumber")
VALUES ('ea1142dc-03da-15ee-b82b-5a985b4b033a', 'TE000015', 'Peter', 'Obermüller', 'EEG_USER', 'EEG_PRIVATE', '', '', '2023-10-11', '', '', '', 'ACTIVE', 'petero', '2023-06-05', 'petero', '2023-06-05', 1, 'e6c241ad-f011-11ed-9f81-6ad19f4af00f', '048');
INSERT INTO base.participant (id, tenant, firstname, lastname, role, "businessRole", "titleBefore", "titleAfter", "participantSince", "vatNumber", "taxNumber", "companyRegisterNumber", status, "createdBy", "createdDate", "lastModifiedBy", "lastModifiedDate", version, "tariffId", "participantNumber")
VALUES ('ea1142dc-03da-16ee-b82b-5a985b4b033a', 'TE000016', 'Peter', 'Obermüller', 'EEG_USER', 'EEG_PRIVATE', '', '', '2023-10-11', '', '', '', 'ACTIVE', 'petero', '2023-06-05', 'petero', '2023-06-05', 1, 'e6c241ad-f011-11ed-9f81-6ad19f4af00f', '048');
INSERT INTO base.participant (id, tenant, firstname, lastname, role, "businessRole", "titleBefore", "titleAfter", "participantSince", "vatNumber", "taxNumber", "companyRegisterNumber", status, "createdBy", "createdDate", "lastModifiedBy", "lastModifiedDate", version, "tariffId", "participantNumber")
VALUES ('ea1142dc-03da-17ee-b82b-5a985b4b033a', 'TE000017', 'Peter', 'Obermüller', 'EEG_USER', 'EEG_PRIVATE', '', '', '2023-10-11', '', '', '', 'ACTIVE', 'petero', '2023-06-05', 'petero', '2023-06-05', 1, 'e6c241ad-f011-11ed-9f81-6ad19f4af00f', '048');

-- Extend Participant with meta info
INSERT INTO base.address (id, participant_id, type, street, "streetNumber", city, zip)
    VALUES ('b78bc938-cf22-49ba-93ab-015f6fef51c9', 'ea9942da-03da-11ee-b82b-5a985b4b033a', 'RESIDENCE', 'Schulberg', '1', 'Waizenkirchen', '4730');
INSERT INTO base.address (id, participant_id, type, street, "streetNumber", city, zip)
    VALUES ('3893cc7e-588f-4486-adca-3da966327b96', 'ea9942da-03da-11ee-b82b-5a985b4b033a', 'BILLING', 'Sparberweg', '6', 'Strobl', '5350');

INSERT INTO base.address (id, participant_id, type, street, "streetNumber", city, zip)
    VALUES ('de8c28c6-8620-4c51-88a4-5c39bd0b768b', 'ea9942db-03da-11ee-b82b-5a985b4b033a', 'RESIDENCE', 'Schulberg', '1', 'Waizenkirchen', '4730');
INSERT INTO base.address (id, participant_id, type, street, "streetNumber", city, zip)
    VALUES ('223185c0-9a68-4994-a4ec-f8577f751da0', 'ea9942db-03da-11ee-b82b-5a985b4b033a', 'BILLING', 'Sparberweg', '6', 'Strobl', '5350');

INSERT INTO base.address (id, participant_id, type, street, "streetNumber", city, zip)
    VALUES ('06060606-8620-4c51-88a4-5c39bd0b768b', 'ea1142dc-03da-11ee-b82b-5a985b4b0306', 'RESIDENCE', 'Schulberg', '1', 'Waizenkirchen', '4730');
INSERT INTO base.address (id, participant_id, type, street, "streetNumber", city, zip)
    VALUES ('06060606-9a68-4994-a4ec-f8577f751da0', 'ea1142dc-03da-11ee-b82b-5a985b4b0306', 'BILLING', 'Sparberweg', '6', 'Strobl', '5350');

INSERT INTO base.address (id, participant_id, type, street, "streetNumber", city, zip)
    VALUES ('06060616-8620-4c51-88a4-5c39bd0b768b', 'ea1142dc-03da-11ee-b82b-5a985b4b0316', 'RESIDENCE', 'Schulberg', '1', 'Waizenkirchen', '4730');
INSERT INTO base.address (id, participant_id, type, street, "streetNumber", city, zip)
    VALUES ('06060616-9a68-4994-a4ec-f8577f751da0', 'ea1142dc-03da-11ee-b82b-5a985b4b0316', 'BILLING', 'Sparberweg', '6', 'Strobl', '5350');

INSERT INTO base.address (id, participant_id, type, street, "streetNumber", city, zip)
    VALUES ('06060626-8620-4c51-88a4-5c39bd0b768b', 'ea1142dc-03da-11ee-b82b-5a985b4b0326', 'RESIDENCE', 'Schulberg', '1', 'Waizenkirchen', '4730');
INSERT INTO base.address (id, participant_id, type, street, "streetNumber", city, zip)
    VALUES ('06060626-9a68-4994-a4ec-f8577f751da0', 'ea1142dc-03da-11ee-b82b-5a985b4b0326', 'BILLING', 'Sparberweg', '6', 'Strobl', '5350');

INSERT INTO base.address (id, participant_id, type, street, "streetNumber", city, zip)
    VALUES ('06060636-8620-4c51-88a4-5c39bd0b768b', 'ea1142dc-03da-11ee-b82b-5a985b4b0336', 'RESIDENCE', 'Schulberg', '1', 'Waizenkirchen', '4730');
INSERT INTO base.address (id, participant_id, type, street, "streetNumber", city, zip)
    VALUES ('06060636-9a68-4994-a4ec-f8577f751da0', 'ea1142dc-03da-11ee-b82b-5a985b4b0336', 'BILLING', 'Sparberweg', '6', 'Strobl', '5350');

INSERT INTO base.address (participant_id, type, street, "streetNumber", city, zip)
    VALUES ('ea1142dc-03da-15ee-b82b-5a985b4b033a', 'RESIDENCE', 'Schulberg', '1', 'Waizenkirchen', '4730');
INSERT INTO base.address (participant_id, type, street, "streetNumber", city, zip)
    VALUES ('ea1142dc-03da-15ee-b82b-5a985b4b033a', 'BILLING', 'Sparberweg', '6', 'Strobl', '5350');
INSERT INTO base.address (participant_id, type, street, "streetNumber", city, zip)
    VALUES ('ea1142dc-03da-16ee-b82b-5a985b4b033a', 'RESIDENCE', 'Schulberg', '1', 'Waizenkirchen', '4730');
INSERT INTO base.address (participant_id, type, street, "streetNumber", city, zip)
    VALUES ('ea1142dc-03da-16ee-b82b-5a985b4b033a', 'BILLING', 'Sparberweg', '6', 'Strobl', '5350');
INSERT INTO base.address (participant_id, type, street, "streetNumber", city, zip)
    VALUES ('ea1142dc-03da-17ee-b82b-5a985b4b033a', 'RESIDENCE', 'Schulberg', '1', 'Waizenkirchen', '4730');
INSERT INTO base.address (participant_id, type, street, "streetNumber", city, zip)
    VALUES ('ea1142dc-03da-17ee-b82b-5a985b4b033a', 'BILLING', 'Sparberweg', '6', 'Strobl', '5350');

INSERT INTO base.address (participant_id, type, street, "streetNumber", city, zip)
    VALUES ('201142dc-03da-11ee-b82b-5a985b4b033a', 'RESIDENCE', 'Schulberg', '1', 'Waizenkirchen', '4730');
INSERT INTO base.address (participant_id, type, street, "streetNumber", city, zip)
    VALUES ('201142dc-03da-11ee-b82b-5a985b4b033a', 'BILLING', 'Sparberweg', '6', 'Strobl', '5350');


-- Insert Meteringpoint TE000002
INSERT INTO base.meteringpoint (metering_point_id, participant_id, tenant, transformer, direction, status, process_state, tariff_id, inverterid, "equipmentName", street, "streetNumber", city, zip, "equipmentNumber", "modifiedAt", "modifiedBy", "registeredSince", grid_operator_id, grid_operator_name, activesince, inactivesince)
    VALUES ('AT0030000000000000000000030041724', 'ea9942db-03da-11ee-b82b-5a985b4b033a', 'TE000002', null, 'GENERATION', 'ACTIVE', 'ACTIVE', 'f9b640dc-efe3-11ed-9f81-6ad19f4af00f', null, null, 'Imperndorf', '9', 'Waizenkirchen', '4730', 'GERZ02', '2023-11-15 17:42:41.335283', 'petero', '2023-08-16', null, null, '2023-01-01', '2999-12-31');
INSERT INTO base.meteringpoint (metering_point_id, participant_id, tenant, transformer, direction, status, process_state, tariff_id, inverterid, "equipmentName", street, "streetNumber", city, zip, "equipmentNumber", "modifiedAt", "modifiedBy", "registeredSince", grid_operator_id, grid_operator_name, activesince, inactivesince)
    VALUES ('AT0030000000000000000000000902309', 'ea9942db-03da-11ee-b82b-5a985b4b033a', 'TE000002', null, 'CONSUMPTION', 'ACTIVE', 'ACTIVE', 'dd54d509-d159-11ed-a05d-5ab455bae278', null, '', 'Imperndorf', '9', 'Waizenkirchen', '4730', 'GABN05', '2023-11-15 17:44:02.405953', 'petero', '2023-08-16', null, null, '2023-01-01', '2999-12-31');
INSERT INTO base.meteringpoint (metering_point_id, participant_id, tenant, transformer, direction, status, process_state, tariff_id, inverterid, "equipmentName", street, "streetNumber", city, zip, "equipmentNumber", "modifiedAt", "modifiedBy", "registeredSince", grid_operator_id, grid_operator_name, activesince, inactivesince)
    VALUES ('AT0030000000000000000000000054554', 'ea9942db-03da-11ee-b82b-5a985b4b033a', 'TE000002', null, 'CONSUMPTION', 'INIT', 'NEW', '17b39aa4-efe4-11ed-9f81-6ad19f4af00f', null, '', 'Vormarkt', '31', 'Neumarkt am Hausruck', '4720', 'GABN12', '2023-10-10 07:49:42.574678', 'petero', '2023-10-09', null, null, '2023-01-01', '2999-12-31');
INSERT INTO base.meteringpoint (metering_point_id, participant_id, tenant, transformer, direction, status, process_state, tariff_id, inverterid, "equipmentName", street, "streetNumber", city, zip, "equipmentNumber", "modifiedAt", "modifiedBy", "registeredSince", grid_operator_id, grid_operator_name, activesince, inactivesince)
    VALUES ('AT0030000000000000000000000533083', 'ea9942db-03da-11ee-b82b-5a985b4b033a', 'TE000002', null, 'CONSUMPTION', 'INIT', 'NEW', 'dd54d509-d159-11ed-a05d-5ab455bae278', null, null, 'Vormarkt', '31', 'Neumarkt am Hausruck', '4720', 'GABN11', '2023-11-15 17:43:34.091375', 'petero', '2023-10-09', null, null, '2024-05-01', '2999-12-31');
INSERT INTO base.meteringpoint (metering_point_id, participant_id, tenant, transformer, direction, status, process_state, tariff_id, inverterid, "equipmentName", street, "streetNumber", city, zip, "equipmentNumber", "modifiedAt", "modifiedBy", "registeredSince", grid_operator_id, grid_operator_name, activesince, inactivesince)
    VALUES ('AT0030000000000000000000030041725', 'ea9942db-03da-11ee-b82b-5a985b4b033a', 'TE000002', null, 'GENERATION', 'ACTIVE', 'ACTIVE', 'f9b640dc-efe3-11ed-9f81-6ad19f4af00f', null, null, 'Imperndorf', '9', 'Waizenkirchen', '4730', 'GERZ02', '2023-11-15 17:42:41.335283', 'petero', '2023-08-16', null, null, '2023-01-01', '2999-12-31');

-- Insert Meteringpoint TE000003
INSERT INTO base.meteringpoint (metering_point_id, participant_id, tenant, transformer, direction, status, process_state, tariff_id, inverterid, "equipmentName", street, "streetNumber", city, zip, "equipmentNumber", "modifiedAt", "modifiedBy", "registeredSince", grid_operator_id, grid_operator_name, activesince, inactivesince)
    VALUES ('AT0030000000000000000000030003010', 'ea9942dc-03da-11ee-b82b-5a985b4b033a', 'TE000003', null, 'GENERATION', 'ACTIVE', 'ACTIVE', 'f9b640dc-efe3-11ed-9f81-6ad19f4af00f', null, null, 'Imperndorf', '9', 'Waizenkirchen', '4730', 'GERZ02', '2023-11-15 17:42:41.335283', 'petero', '2023-08-16', null, null, '2023-01-01', '2999-12-31');
INSERT INTO base.meteringpoint (metering_point_id, participant_id, tenant, transformer, direction, status, process_state, tariff_id, inverterid, "equipmentName", street, "streetNumber", city, zip, "equipmentNumber", "modifiedAt", "modifiedBy", "registeredSince", grid_operator_id, grid_operator_name, activesince, inactivesince)
    VALUES ('AT0030000000000000000000000003010', 'ea9942dc-03da-11ee-b82b-5a985b4b033a', 'TE000003', null, 'CONSUMPTION', 'ACTIVE', 'ACTIVE', 'dd54d509-d159-11ed-a05d-5ab455bae278', null, '', 'Imperndorf', '9', 'Waizenkirchen', '4730', 'GABN05', '2023-11-15 17:44:02.405953', 'petero', '2023-08-16', null, null, '2023-01-01', '2999-12-31');
INSERT INTO base.meteringpoint (metering_point_id, participant_id, tenant, transformer, direction, status, process_state, tariff_id, inverterid, "equipmentName", street, "streetNumber", city, zip, "equipmentNumber", "modifiedAt", "modifiedBy", "registeredSince", grid_operator_id, grid_operator_name, activesince, inactivesince)
    VALUES ('AT0030000000000000000000000003011', 'ea9942dc-03da-11ee-b82b-5a985b4b033a', 'TE000003', null, 'CONSUMPTION', 'INIT', 'NEW', '17b39aa4-efe4-11ed-9f81-6ad19f4af00f', null, '', 'Vormarkt', '31', 'Neumarkt am Hausruck', '4720', 'GABN12', '2023-10-10 07:49:42.574678', 'petero', '2023-10-09', null, null, '2023-01-01', '2999-12-31');
INSERT INTO base.meteringpoint (metering_point_id, participant_id, tenant, transformer, direction, status, process_state, tariff_id, inverterid, "equipmentName", street, "streetNumber", city, zip, "equipmentNumber", "modifiedAt", "modifiedBy", "registeredSince", grid_operator_id, grid_operator_name, activesince, inactivesince)
    VALUES ('AT0030000000000000000000000003012', 'ea9942dc-03da-11ee-b82b-5a985b4b033a', 'TE000003', null, 'CONSUMPTION', 'INIT', 'NEW', 'dd54d509-d159-11ed-a05d-5ab455bae278', null, null, 'Vormarkt', '31', 'Neumarkt am Hausruck', '4720', 'GABN11', '2023-11-15 17:43:34.091375', 'petero', '2023-10-09', null, null, '2023-01-01', '2999-12-31');

INSERT INTO base.meteringpoint (metering_point_id, participant_id, tenant, transformer, direction, status, process_state, tariff_id, inverterid, "equipmentName", street, "streetNumber", city, zip, "equipmentNumber", "modifiedAt", "modifiedBy", "registeredSince", grid_operator_id, grid_operator_name, activesince, inactivesince)
VALUES ('AT0030000000000000000000000003013', 'ea1142dc-03da-11ee-b82b-5a985b4b033a', 'TE000005', null, 'CONSUMPTION', 'INIT', 'NEW', 'dd54d509-d159-11ed-a05d-5ab455bae278', null, null, 'Vormarkt', '31', 'Neumarkt am Hausruck', '4720', 'GABN11', '2023-11-15 17:43:34.091375', 'petero', '2023-10-09', null, null, '2024-03-12', '2999-12-31');

INSERT INTO base.meteringpoint (metering_point_id, participant_id, tenant, transformer, direction, status, process_state, tariff_id, inverterid, "equipmentName", street, "streetNumber", city, zip, "equipmentNumber", "modifiedAt", "modifiedBy", "registeredSince", grid_operator_id, grid_operator_name, activesince, inactivesince, consent_id)
    VALUES ('AT0030000000000000000000000200822', '201142dc-03da-11ee-b82b-5a985b4b033a', 'TE100201', null, 'CONSUMPTION', 'INIT', 'NEW', 'dd54d509-d159-11ed-a05d-5ab455bae278', null, null, 'Vormarkt', '31', 'Neumarkt am Hausruck', '4720', 'GABN11', '2023-11-15 17:43:34.091375', 'petero', '2023-10-09', null, null, null, null, 'AT00300020221001105609117');

INSERT INTO base.meteringpoint (metering_point_id, participant_id, tenant, transformer, direction, status, process_state, tariff_id, inverterid, "equipmentName", street, "streetNumber", city, zip, "equipmentNumber", "modifiedAt", "modifiedBy", "registeredSince", grid_operator_id, grid_operator_name, activesince, inactivesince, consent_id)
    VALUES ('AT0030000000000000000000000200823', '201142dc-03da-11ee-b82b-5a985b4b033a', 'TE100201', null, 'CONSUMPTION', 'ACTIVE', 'ACTIVE', 'dd54d509-d159-11ed-a05d-5ab455bae278', null, null, 'Vormarkt', '31', 'Neumarkt am Hausruck', '4720', 'GABN11', '2023-11-15 17:43:34.091375', 'petero', '2023-10-09', null, null, '2024-03-12', '2999-12-31', 'AT00300020221001105609116');

-- insert metering for multi test
INSERT INTO base.meteringpoint (metering_point_id, participant_id, tenant, transformer, direction, status, process_state, inverterid, "equipmentName", street, "streetNumber", city, zip, "equipmentNumber", "modifiedAt", "modifiedBy", "registeredSince", grid_operator_id, grid_operator_name, activesince, inactivesince, consent_id)
    VALUES ('AT0030000000000000000000000153013', 'ea1142dc-03da-15ee-b82b-5a985b4b033a', 'TE000015', null, 'CONSUMPTION', 'ACTIVE', 'ACTIVE', null, null, 'Vormarkt', '31', 'Neumarkt am Hausruck', '4720', 'GABN11', '2023-11-15 17:43:34.091375', 'petero', '2023-10-09', null, null, '2023-01-01', '2999-12-31', '123456789015');
INSERT INTO base.meteringpoint (metering_point_id, participant_id, tenant, transformer, direction, status, process_state, inverterid, "equipmentName", street, "streetNumber", city, zip, "equipmentNumber", "modifiedAt", "modifiedBy", "registeredSince", grid_operator_id, grid_operator_name, activesince, inactivesince, consent_id)
    VALUES ('AT0030000000000000000000000153014', 'ea1142dc-03da-15ee-b82b-5a985b4b033a', 'TE000015', null, 'CONSUMPTION', 'ACTIVE', 'ACTIVE', null, null, 'Vormarkt', '31', 'Neumarkt am Hausruck', '4720', 'GABN11', '2023-11-15 17:43:34.091375', 'petero', '2023-10-09', null, null, '2023-01-01', '2999-12-31', '12345678901415');
INSERT INTO base.meteringpoint (metering_point_id, participant_id, tenant, transformer, direction, status, process_state, inverterid, "equipmentName", street, "streetNumber", city, zip, "equipmentNumber", "modifiedAt", "modifiedBy", "registeredSince", grid_operator_id, grid_operator_name, activesince, inactivesince, consent_id)
    VALUES ('AT0030000000000000000000000153013', 'ea1142dc-03da-16ee-b82b-5a985b4b033a', 'TE000016', null, 'CONSUMPTION', 'ACTIVE', 'ACTIVE', null, null, 'Vormarkt', '31', 'Neumarkt am Hausruck', '4720', 'GABN11', '2023-11-15 17:43:34.091375', 'petero', '2023-10-09', null, null, '2023-01-01', '2999-12-31', '123456789016');
INSERT INTO base.meteringpoint (metering_point_id, participant_id, tenant, transformer, direction, status, process_state, inverterid, "equipmentName", street, "streetNumber", city, zip, "equipmentNumber", "modifiedAt", "modifiedBy", "registeredSince", grid_operator_id, grid_operator_name, activesince, inactivesince, consent_id)
    VALUES ('AT0030000000000000000000000153013', 'ea1142dc-03da-17ee-b82b-5a985b4b033a', 'TE000017', null, 'CONSUMPTION', 'ACTIVE', 'ACTIVE', null, null, 'Vormarkt', '31', 'Neumarkt am Hausruck', '4720', 'GABN11', '2023-11-15 17:43:34.091375', 'petero', '2023-10-09', null, null, '2023-01-01', '2999-12-31', '123456789017');

INSERT INTO base.meteringpoint (metering_point_id, participant_id, tenant, transformer, direction, status, process_state, inverterid, "equipmentName", street, "streetNumber", city, zip, "equipmentNumber", "modifiedAt", "modifiedBy", "registeredSince", grid_operator_id, grid_operator_name, activesince, inactivesince, consent_id)
    VALUES ('AT0030000000000000000000000153012', 'ea1142dc-03da-15ee-b82b-5a985b4b033a', 'TE000015', null, 'CONSUMPTION', 'ACTIVE', 'ACTIVE', null, null, 'Vormarkt', '31', 'Neumarkt am Hausruck', '4720', 'GABN11', '2023-11-15 17:43:34.091375', 'petero', '2023-10-09', null, null, '2023-01-01', '2999-12-31', '123456789015');
INSERT INTO base.meteringpoint (metering_point_id, participant_id, tenant, transformer, direction, status, process_state, inverterid, "equipmentName", street, "streetNumber", city, zip, "equipmentNumber", "modifiedAt", "modifiedBy", "registeredSince", grid_operator_id, grid_operator_name, activesince, inactivesince, consent_id)
    VALUES ('AT0030000000000000000000000153012', 'ea1142dc-03da-16ee-b82b-5a985b4b033a', 'TE000016', null, 'CONSUMPTION', 'ACTIVE', 'ACTIVE', null, null, 'Vormarkt', '31', 'Neumarkt am Hausruck', '4720', 'GABN11', '2023-11-15 17:43:34.091375', 'petero', '2023-10-09', null, null, '2023-01-01', '2999-12-31', '123456789016');
INSERT INTO base.meteringpoint (metering_point_id, participant_id, tenant, transformer, direction, status, process_state, inverterid, "equipmentName", street, "streetNumber", city, zip, "equipmentNumber", "modifiedAt", "modifiedBy", "registeredSince", grid_operator_id, grid_operator_name, activesince, inactivesince, consent_id)
    VALUES ('AT0030000000000000000000000153012', 'ea1142dc-03da-17ee-b82b-5a985b4b033a', 'TE000017', null, 'CONSUMPTION', 'ACTIVE', 'ACTIVE', null, null, 'Vormarkt', '31', 'Neumarkt am Hausruck', '4720', 'GABN11', '2023-11-15 17:43:34.091375', 'petero', '2023-10-09', null, null, '2023-01-01', '2999-12-31', '123456789017');


INSERT INTO base.metering_partition_factor (metering_point_id, tenant, participant_id, "partFact", "createdBy") SELECT metering_point_id, tenant, participant_id, 100, 'system' FROM base.meteringpoint;

UPDATE base.metering_partition_factor SET "partFact" = 10 WHERE metering_point_id = 'AT0030000000000000000000000153013' AND tenant = 'TE000015';
UPDATE base.metering_partition_factor SET "partFact" = 50 WHERE metering_point_id = 'AT0030000000000000000000000153013' AND tenant = 'TE000016';
UPDATE base.metering_partition_factor SET "partFact" = 40 WHERE metering_point_id = 'AT0030000000000000000000000153013' AND tenant = 'TE000017';

UPDATE base.metering_partition_factor SET "partFact" = 10 WHERE metering_point_id = 'AT0030000000000000000000000153012' AND tenant = 'TE000015';
UPDATE base.metering_partition_factor SET "partFact" = 50 WHERE metering_point_id = 'AT0030000000000000000000000153012' AND tenant = 'TE000016';
UPDATE base.metering_partition_factor SET "partFact" = 40 WHERE metering_point_id = 'AT0030000000000000000000000153012' AND tenant = 'TE000017';

-- INSERT INTO base.participant_meter_state (participant_id, tenant, metering_point, activesince, inactivesince, changed_at, changed_by, flag) VALUES ('ea9942da-03da-11ee-b82b-5a985b4b033a', 'TE000001', 'AT0030000000000000000000030041724', '2023-01-01', '2999-12-31', '2023-10-05 14:52:58.233583', 'system', 0);
-- INSERT INTO base.participant_meter_state (participant_id, tenant, metering_point, activesince, inactivesince, changed_at, changed_by, flag) VALUES ('ea9942da-03da-11ee-b82b-5a985b4b033a', 'TE000001', 'AT0030000000000000000000000902309', '2023-01-01', '2999-12-31', '2023-10-05 14:52:58.233583', 'system', 0);
-- INSERT INTO base.participant_meter_state (participant_id, tenant, metering_point, activesince, inactivesince, changed_at, changed_by, flag) VALUES ('ea9942da-03da-11ee-b82b-5a985b4b033a', 'TE000001', 'AT0030000000000000000000000533083', '2023-01-01', '2999-12-31', '2023-10-09 15:04:44.418628', 'SYSTEM', 0);
-- INSERT INTO base.participant_meter_state (participant_id, tenant, metering_point, activesince, inactivesince, changed_at, changed_by, flag) VALUES ('ea9942da-03da-11ee-b82b-5a985b4b033a', 'TE000001', 'AT0030000000000000000000000054554', '2023-01-01', '2999-12-31', '2023-10-09 15:04:44.418628', 'SYSTEM', 0);

-- Insert GridOperators
INSERT INTO base.gridoperators (id, name) VALUES ('AT009999', 'Test Operator');
INSERT INTO base.gridoperators (id, name) VALUES ('AT687211', 'Energieversorgung Kleinwalsertal GmbH');
INSERT INTO base.gridoperators (id, name) VALUES ('AT682211', 'VKW Ökostrom GmbH');
INSERT INTO base.gridoperators (id, name) VALUES ('AT643211', 'Montafonerbahn Aktiengesellschaft');
INSERT INTO base.gridoperators (id, name) VALUES ('AT642211', 'Elektrizitätswerke Frastanz Gesellschaft mbH');
INSERT INTO base.gridoperators (id, name) VALUES ('AT641211', 'Stadtwerke Feldkirch');
INSERT INTO base.gridoperators (id, name) VALUES ('AT610000', 'Energie Klagenfurt GmbH');
INSERT INTO base.gridoperators (id, name) VALUES ('AT571011', 'Ökoenergie Tirol GmbH');
INSERT INTO base.gridoperators (id, name) VALUES ('AT560000', 'GETEC ENERGIE GmbH');
INSERT INTO base.gridoperators (id, name) VALUES ('AT535011', 'Kommunalbetriebe Rinn GmbH');
INSERT INTO base.gridoperators (id, name) VALUES ('AT531011', 'Wasserkraft Sölden eGen mbH');
INSERT INTO base.gridoperators (id, name) VALUES ('AT530011', 'Elektrowerkgenossenschaft Hopfgarten i. Def. reg.Gen.m.b.H.');
INSERT INTO base.gridoperators (id, name) VALUES ('AT528011', 'Elektrizitätswerk der Gemeinde Gries am Brenner');
INSERT INTO base.gridoperators (id, name) VALUES ('AT524011', 'Elektrowerk Assling reg. Gen. m. b. H.');
INSERT INTO base.gridoperators (id, name) VALUES ('AT523011', 'Elektrizitätswerk Winkler GmbH');
INSERT INTO base.gridoperators (id, name) VALUES ('AT522011', 'E-Werk Stadler GmbH');
INSERT INTO base.gridoperators (id, name) VALUES ('AT521011', 'Elektrizitätswerk Prantl GmbH & Co KG');
INSERT INTO base.gridoperators (id, name) VALUES ('AT516011', 'Stadtwerke Imst');
INSERT INTO base.gridoperators (id, name) VALUES ('AT514011', 'Elektrizitätswerk der Gemeinde Kematen');
INSERT INTO base.gridoperators (id, name) VALUES ('AT512011', 'Kommunalbetriebe Hopfgarten GmbH');
INSERT INTO base.gridoperators (id, name) VALUES ('AT511011', 'EWA Energie- und Wirtschaftsbetriebe der Gemeinde St. Anton GmbH');
INSERT INTO base.gridoperators (id, name) VALUES ('AT509011', 'Kraftwerk Haim KG');
INSERT INTO base.gridoperators (id, name) VALUES ('AT508011', 'Stadtwerke Wörgl GmbH');
INSERT INTO base.gridoperators (id, name) VALUES ('AT507011', 'Stadtwerke Schwaz GmbH');
INSERT INTO base.gridoperators (id, name) VALUES ('AT506011', 'Stadtwerke Kufstein GmbH');
INSERT INTO base.gridoperators (id, name) VALUES ('AT505011', 'Stadtwerke Kitzbühel e.U.');
INSERT INTO base.gridoperators (id, name) VALUES ('AT504011', 'HALLAG Kommunal GmbH');
INSERT INTO base.gridoperators (id, name) VALUES ('AT503011', 'Elektrizitätswerke Reutte AG');
INSERT INTO base.gridoperators (id, name) VALUES ('AT502011', 'Innsbrucker Kommunalbetriebe Aktiengesellschaft');
INSERT INTO base.gridoperators (id, name) VALUES ('AT460001', 'GEN-I Vienna GmbH');
INSERT INTO base.gridoperators (id, name) VALUES ('AT420002', 'EHA Austria Energie-Handelsgesellschaft mbH');
INSERT INTO base.gridoperators (id, name) VALUES ('AT420001', '');
INSERT INTO base.gridoperators (id, name) VALUES ('AT114241', 'RZ Pellets & Ökostrom GmbH');
INSERT INTO base.gridoperators (id, name) VALUES ('AT114231', 'NGEN GmbH');
INSERT INTO base.gridoperators (id, name) VALUES ('AT114151', 'NGEN F&E Projekte GmbH');
INSERT INTO base.gridoperators (id, name) VALUES ('AT113801', 'MFGK Austria GmbH');
INSERT INTO base.gridoperators (id, name) VALUES ('AT113751', 'Tulln Energie GmbH');
INSERT INTO base.gridoperators (id, name) VALUES ('AT113541', 'AVIA Energy Austria GmbH');
INSERT INTO base.gridoperators (id, name) VALUES ('AT113451', 'First Energy AG');
INSERT INTO base.gridoperators (id, name) VALUES ('AT113361', 'Drei Energie');
INSERT INTO base.gridoperators (id, name) VALUES ('AT113201', 'Stadtwerke Augsburg Energie GmbH');
INSERT INTO base.gridoperators (id, name) VALUES ('AT113191', 'redgas GmbH');
INSERT INTO base.gridoperators (id, name) VALUES ('AT113041', 'Spotty Smart Energy Partner GmbH');
INSERT INTO base.gridoperators (id, name) VALUES ('AT113021', 'go green energy GmbH & Co KG');
INSERT INTO base.gridoperators (id, name) VALUES ('AT112971', 'Lidl Energie');
INSERT INTO base.gridoperators (id, name) VALUES ('AT112731', 'Grünwelt Energie');
INSERT INTO base.gridoperators (id, name) VALUES ('AT112591', 'STURM ENERGIE GmbH');
INSERT INTO base.gridoperators (id, name) VALUES ('AT112381', 'E.ON Energie Österreich GmbH');
INSERT INTO base.gridoperators (id, name) VALUES ('AT112231', 'eFriends Energy GmbH');
INSERT INTO base.gridoperators (id, name) VALUES ('AT112201', 'ENSTROGA GmbH');
INSERT INTO base.gridoperators (id, name) VALUES ('AT112151', 'MONTANA Energie-Handel AT GmbH');
INSERT INTO base.gridoperators (id, name) VALUES ('AT112040', 'Mein Alpenstrom GmbH');
INSERT INTO base.gridoperators (id, name) VALUES ('AT111091', 'aWATTar GmbH');
INSERT INTO base.gridoperators (id, name) VALUES ('AT111021', 'Next Kraftwerke GmbH');
INSERT INTO base.gridoperators (id, name) VALUES ('AT110861', 'MAXENERGY Austria Handels GmbH');
INSERT INTO base.gridoperators (id, name) VALUES ('AT110751', 'Axpo Solutions AG');
INSERT INTO base.gridoperators (id, name) VALUES ('AT110621', 'WEB energy sales GmbH');
INSERT INTO base.gridoperators (id, name) VALUES ('AT110591', 'Elektrogenossenschaft Weerberg reg.Gen.mbH');
INSERT INTO base.gridoperators (id, name) VALUES ('AT110341', 'schlaustrom GmbH');
INSERT INTO base.gridoperators (id, name) VALUES ('AT110191', 'sigi Energie AG Oberösterreich Vertrieb GmbH');
INSERT INTO base.gridoperators (id, name) VALUES ('AT110191', 'ENAMO Ökostrom GmbH');
INSERT INTO base.gridoperators (id, name) VALUES ('AT081000', 'Unsere Wasserkraft GmbH & Co KG');
INSERT INTO base.gridoperators (id, name) VALUES ('AT071000', 'MyElectric Energievertriebs - und - dienstleistungs GmbH');
INSERT INTO base.gridoperators (id, name) VALUES ('AT061001', 'oekostrom GmbH für Vertrieb');
INSERT INTO base.gridoperators (id, name) VALUES ('AT055000', 'switch Energievertriebsgesellschaft m.b.H.');
INSERT INTO base.gridoperators (id, name) VALUES ('AT054000', 'ENAMO GmbH');
INSERT INTO base.gridoperators (id, name) VALUES ('AT030008', 'Energie AG Oberösterreich Öko GmbH');
INSERT INTO base.gridoperators (id, name) VALUES ('AT030008', 'ENAMO Ökostrom GmbH');
INSERT INTO base.gridoperators (id, name) VALUES ('AT011008', 'ENERGIEALLIANZ Austria GmbH');
INSERT INTO base.gridoperators (id, name) VALUES ('AT011002', 'Naturkraft Energievertriebsgesellschaft m.b.H.');
INSERT INTO base.gridoperators (id, name) VALUES ('AT009001', 'Burgenland Energie Vertrieb');
INSERT INTO base.gridoperators (id, name) VALUES ('AT008851', 'Schwarz');
INSERT INTO base.gridoperators (id, name) VALUES ('AT008621', 'Elektrizitätswerk Gröbming KG');
INSERT INTO base.gridoperators (id, name) VALUES ('AT008581', 'Energieversorgungsunternehmen der Florian Lugitsch Gruppe GmbH');
INSERT INTO base.gridoperators (id, name) VALUES ('AT008580', 'Energieversorgungsunternehmen der Florian Lugitsch Gruppe GmbH');
INSERT INTO base.gridoperators (id, name) VALUES ('AT008570', 'Elektrizitätswerk Fernitz Ing. Franz Purkarthofer GmbH &amp');
INSERT INTO base.gridoperators (id, name) VALUES ('AT008560', 'ENVESTA Energie- u. Dienstleistungs GmbH');
INSERT INTO base.gridoperators (id, name) VALUES ('AT008540', 'E-Werk SIGL GmbH & CO KG');
INSERT INTO base.gridoperators (id, name) VALUES ('AT008511', 'E-Genossenschaft Laintal eGen');
INSERT INTO base.gridoperators (id, name) VALUES ('AT008510', 'E-Genossenschaft Laintal eGen');
INSERT INTO base.gridoperators (id, name) VALUES ('AT008490', 'Stadtwerke Trofaiach Ges.m.b.H');
INSERT INTO base.gridoperators (id, name) VALUES ('AT008471', 'Stadtwerke Hartberg Energiedienstleistungen GmbH');
INSERT INTO base.gridoperators (id, name) VALUES ('AT008470', 'Stadtwerke Hartberg Energieversorgungs GmbH');
INSERT INTO base.gridoperators (id, name) VALUES ('AT008451', 'Elektrizitätswerke Bad Radkersburg GmbH');
INSERT INTO base.gridoperators (id, name) VALUES ('AT008450', 'Elektrizitätswerke Bad Radkersburg GmbH');
INSERT INTO base.gridoperators (id, name) VALUES ('AT008440', 'Stadtbetriebe Mariazell GmbH');
INSERT INTO base.gridoperators (id, name) VALUES ('AT008431', 'Murauer Stadtwerke Gesellschaft m.b.H');
INSERT INTO base.gridoperators (id, name) VALUES ('AT008430', 'Murauer Stadtwerke Gesellschaft m.b.H');
INSERT INTO base.gridoperators (id, name) VALUES ('AT008421', 'Marktgemeinde Neumarkt Versorgungsbetriebsges.m.b.H.');
INSERT INTO base.gridoperators (id, name) VALUES ('AT008420', 'Marktgemeinde Neumarkt Versorgungsbetriebsgesellschaft m.b.H.');
INSERT INTO base.gridoperators (id, name) VALUES ('AT008411', 'EVU der Marktgemeinde Unzmarkt-Frauenburg');
INSERT INTO base.gridoperators (id, name) VALUES ('AT008410', 'EVU der Marktgemeinde Unzmarkt-Frauenburg');
INSERT INTO base.gridoperators (id, name) VALUES ('AT008391', 'EVU der Marktgemeinde Eibiswald');
INSERT INTO base.gridoperators (id, name) VALUES ('AT008390', 'Elektroversorgungsunternehmen der Marktgemeinde Eibiswald');
INSERT INTO base.gridoperators (id, name) VALUES ('AT008371', 'E-Werk Mürzsteg');
INSERT INTO base.gridoperators (id, name) VALUES ('AT008370', 'E-Werk Mürzsteg');
INSERT INTO base.gridoperators (id, name) VALUES ('AT008361', 'EVU der Stadtgemeinde Mureck');
INSERT INTO base.gridoperators (id, name) VALUES ('AT008360', 'EVU der Stadtgemeinde Mureck');
INSERT INTO base.gridoperators (id, name) VALUES ('AT008351', 'Städtische Betriebe Rottenmann GmbH');
INSERT INTO base.gridoperators (id, name) VALUES ('AT008350', 'Städtische Betriebe Rottenmann GmbH');
INSERT INTO base.gridoperators (id, name) VALUES ('AT008311', 'Bad Gleichenberger Energie GmbH');
INSERT INTO base.gridoperators (id, name) VALUES ('AT008310', 'Bad Gleichenberger Energie GmbH');
INSERT INTO base.gridoperators (id, name) VALUES ('AT008211', 'E-Werk-Gösting Stromversorgungs GmbH');
INSERT INTO base.gridoperators (id, name) VALUES ('AT008210', 'E-WERK GÖSTING STROMVERSORGUNGS GmbH');
INSERT INTO base.gridoperators (id, name) VALUES ('AT008191', 'Stadtwerke Mürzzuschlag GmbH');
INSERT INTO base.gridoperators (id, name) VALUES ('AT008190', 'Stadtwerke Mürzzuschlag GmbH');
INSERT INTO base.gridoperators (id, name) VALUES ('AT008181', 'Stadtwerke Köflach GmbH');
INSERT INTO base.gridoperators (id, name) VALUES ('AT008180', 'Stadtwerke Köflach');
INSERT INTO base.gridoperators (id, name) VALUES ('AT008172', 'Stadtwerke Kapfenberg GmbH');
INSERT INTO base.gridoperators (id, name) VALUES ('AT008171', 'Stadtwerke Kapfenberg GmbH');
INSERT INTO base.gridoperators (id, name) VALUES ('AT008170', 'Stadtwerke Kapfenberg GmbH');
INSERT INTO base.gridoperators (id, name) VALUES ('AT008161', 'Stadtwerke Judenburg AG');
INSERT INTO base.gridoperators (id, name) VALUES ('AT008160', 'Stadtwerke Judenburg AG');
INSERT INTO base.gridoperators (id, name) VALUES ('AT008150', 'Stadtwerke Fürstenfeld GmbH');
INSERT INTO base.gridoperators (id, name) VALUES ('AT008141', 'Stadtwerke Bruck an der Mur GmbH');
INSERT INTO base.gridoperators (id, name) VALUES ('AT008140', 'Stadtwerke Bruck an der Mur GmbH');
INSERT INTO base.gridoperators (id, name) VALUES ('AT008130', 'Feistritzwerke Steweag GmbH');
INSERT INTO base.gridoperators (id, name) VALUES ('AT008121', 'Stadtwerke Voitsberg GmbH');
INSERT INTO base.gridoperators (id, name) VALUES ('AT008120', 'Stadtwerke Voitsberg GmbH');
INSERT INTO base.gridoperators (id, name) VALUES ('AT008111', 'Elektrizitätswerk der Stadtgemeinde Kindberg');
INSERT INTO base.gridoperators (id, name) VALUES ('AT008110', 'Elektrizitätswerk der Stadtgemeinde Kindberg');
INSERT INTO base.gridoperators (id, name) VALUES ('AT008101', 'Energie Graz GmbH & Co KG');
INSERT INTO base.gridoperators (id, name) VALUES ('AT008100', 'Stromnetz Graz GmbH & Co KG');
INSERT INTO base.gridoperators (id, name) VALUES ('AT008000', 'Energienetze Steiermark GmbH');
INSERT INTO base.gridoperators (id, name) VALUES ('AT007242', 'AAE Naturstrom Vertrieb GmbH');
INSERT INTO base.gridoperators (id, name) VALUES ('AT007241', 'AAE Wasserkraft GmbH');
INSERT INTO base.gridoperators (id, name) VALUES ('AT007240', 'AAE Wasserkraft GmbH');
INSERT INTO base.gridoperators (id, name) VALUES ('AT007100', 'Energie Klagenfurt GmbH');
INSERT INTO base.gridoperators (id, name) VALUES ('AT007003', 'KELAG - Kärntner Elektrizitäts-Aktiengesellschaft');
INSERT INTO base.gridoperators (id, name) VALUES ('AT007000', 'KNG-Kärnten Netz GmbH');
INSERT INTO base.gridoperators (id, name) VALUES ('AT006240', 'Getzner');
INSERT INTO base.gridoperators (id, name) VALUES ('AT006230', 'Energieversorgung Kleinwalsertal GesmbH');
INSERT INTO base.gridoperators (id, name) VALUES ('AT006220', 'Montafonerbahn Aktiengesellschaft');
INSERT INTO base.gridoperators (id, name) VALUES ('AT006210', 'Elektrizitätswerke Frastanz Gesellschaft mbH');
INSERT INTO base.gridoperators (id, name) VALUES ('AT006110', 'Stadtwerke Feldkirch');
INSERT INTO base.gridoperators (id, name) VALUES ('AT006002', '(außer Betrieb) VKW Ökostrom GmbH');
INSERT INTO base.gridoperators (id, name) VALUES ('AT006002', '');
INSERT INTO base.gridoperators (id, name) VALUES ('AT006001', 'illwerke vkw AG');
INSERT INTO base.gridoperators (id, name) VALUES ('AT006000', 'Vorarlberger Energienetze GmbH');
INSERT INTO base.gridoperators (id, name) VALUES ('AT005650', 'Kommunalbetriebe Rinn GmbH');
INSERT INTO base.gridoperators (id, name) VALUES ('AT005630', 'Elektrogenossenschaft Weerberg reg.genmbH');
INSERT INTO base.gridoperators (id, name) VALUES ('AT005610', 'Wasserkraft Sölden eGen mbH');
INSERT INTO base.gridoperators (id, name) VALUES ('AT005600', 'Elektrowerkgenossenschaft Hopfgarten i. D. reg. Gen.m.b.H.');
INSERT INTO base.gridoperators (id, name) VALUES ('AT005550', '');
INSERT INTO base.gridoperators (id, name) VALUES ('AT005540', 'Elektritzitätswerk der Gemeinde Gries am Brenner');
INSERT INTO base.gridoperators (id, name) VALUES ('AT005490', 'Elektrowerk Assling reg. Gen. m. b. H.');
INSERT INTO base.gridoperators (id, name) VALUES ('AT005480', 'Elektrizitätswerk Winkler GmbH');
INSERT INTO base.gridoperators (id, name) VALUES ('AT005470', 'E-Werk Stadler GmbH');
INSERT INTO base.gridoperators (id, name) VALUES ('AT005460', 'Elektrizitätswerk Prantl GmbH&CoKG');
INSERT INTO base.gridoperators (id, name) VALUES ('AT005440', 'Johann Dandler GmbH &amp');
INSERT INTO base.gridoperators (id, name) VALUES ('AT005370', 'Stadtwerke Imst');
INSERT INTO base.gridoperators (id, name) VALUES ('AT005350', 'Gemeindewerke Kematen');
INSERT INTO base.gridoperators (id, name) VALUES ('AT005341', 'Elektrizitätswerk Schattwald e.U.');
INSERT INTO base.gridoperators (id, name) VALUES ('AT005340', 'Elektrizitätswerk Schattwald e.U.');
INSERT INTO base.gridoperators (id, name) VALUES ('AT005330', 'Kommunalbetriebe Hopfgarten GmbH');
INSERT INTO base.gridoperators (id, name) VALUES ('AT005320', 'Energie und Wirtschaftsbetriebe der Gemeinde St. Anton GmbH');
INSERT INTO base.gridoperators (id, name) VALUES ('AT005210', 'Kraftwerk Haim KG');
INSERT INTO base.gridoperators (id, name) VALUES ('AT005160', 'Stadtwerke Wörgl GmbH');
INSERT INTO base.gridoperators (id, name) VALUES ('AT005150', 'Stadtwerke Schwaz GmbH');
INSERT INTO base.gridoperators (id, name) VALUES ('AT005140', 'Stadtwerke Kufstein Gesellschaft m.b.H.');
INSERT INTO base.gridoperators (id, name) VALUES ('AT005130', 'Stadtwerke Kitzbühel e.U.');
INSERT INTO base.gridoperators (id, name) VALUES ('AT005120', 'HALLAG Kommunal GmbH');
INSERT INTO base.gridoperators (id, name) VALUES ('AT005110', 'Elektrizitätswerke Reutte AG');
INSERT INTO base.gridoperators (id, name) VALUES ('AT005100', 'Innsbrucker Kommunalbetriebe Aktiengesellschaft');
INSERT INTO base.gridoperators (id, name) VALUES ('AT005001', 'TIWAG-Tiroler Wasserkraft AG');
INSERT INTO base.gridoperators (id, name) VALUES ('AT005000', 'TINETZ-Tiroler Netze GmbH');
INSERT INTO base.gridoperators (id, name) VALUES ('AT004130', 'Elektrizitätswerk Lechner August KG');
INSERT INTO base.gridoperators (id, name) VALUES ('AT004121', 'Lichtgenossenschaft Neukirchen eGen');
INSERT INTO base.gridoperators (id, name) VALUES ('AT004120', 'Lichtgenossenschaft Neukirchen eGen');
INSERT INTO base.gridoperators (id, name) VALUES ('AT004110', 'Elektrizitätswerk Bad Hofgastein');
INSERT INTO base.gridoperators (id, name) VALUES ('AT004002', 'Salzburg AG für Energie');
INSERT INTO base.gridoperators (id, name) VALUES ('AT004002', 'Salzburg AG für Energie, Verkehr und Telekommunikation');
INSERT INTO base.gridoperators (id, name) VALUES ('AT004000', 'Salzburg Netz GmbH');
INSERT INTO base.gridoperators (id, name) VALUES ('AT003921', 'E-Werk Dietrichschlag eGen');
INSERT INTO base.gridoperators (id, name) VALUES ('AT003920', 'E-Werk Dietrichschlag eingetragene Genossenschaft');
INSERT INTO base.gridoperators (id, name) VALUES ('AT003911', 'E-Werk Redlmühle / Stromhandel');
INSERT INTO base.gridoperators (id, name) VALUES ('AT003911', 'E-Werk Redlmühle');
INSERT INTO base.gridoperators (id, name) VALUES ('AT003910', 'E-Werk Redlmühle');
INSERT INTO base.gridoperators (id, name) VALUES ('AT003900', 'E-Werk Altenfelden GmbH');
INSERT INTO base.gridoperators (id, name) VALUES ('AT003591', 'E-Werk Ranklleiten');
INSERT INTO base.gridoperators (id, name) VALUES ('AT003590', 'E-Werk Ranklleiten');
INSERT INTO base.gridoperators (id, name) VALUES ('AT003582', 'Energieversorgungs GmbH');
INSERT INTO base.gridoperators (id, name) VALUES ('AT003580', 'Energieversorgungs GmbH');
INSERT INTO base.gridoperators (id, name) VALUES ('AT003571', 'EVU Mathe Gerald e.U.');
INSERT INTO base.gridoperators (id, name) VALUES ('AT003570', 'EVU Mathe Gerald e.U.');
INSERT INTO base.gridoperators (id, name) VALUES ('AT003541', 'Revertera''sches Elektrizitätswerk');
INSERT INTO base.gridoperators (id, name) VALUES ('AT003541', 'Revertera');
INSERT INTO base.gridoperators (id, name) VALUES ('AT003540', 'Revertera');
INSERT INTO base.gridoperators (id, name) VALUES ('AT003521', 'K. u. F. Drack GmbH & Co KG');
INSERT INTO base.gridoperators (id, name) VALUES ('AT003520', 'K.u.F. Drack GmbH & Co KG');
INSERT INTO base.gridoperators (id, name) VALUES ('AT003511', 'Kraftwerk Glatzing-Rüstorf eGen');
INSERT INTO base.gridoperators (id, name) VALUES ('AT003510', 'Kraftwerk Glatzing-Rüstorf eGen');
INSERT INTO base.gridoperators (id, name) VALUES ('AT003471', 'KARLSTROM e.U.');
INSERT INTO base.gridoperators (id, name) VALUES ('AT003470', 'KARLSTROM e.U.');
INSERT INTO base.gridoperators (id, name) VALUES ('AT003461', 'EBNER STROM GmbH');
INSERT INTO base.gridoperators (id, name) VALUES ('AT003460', 'EBNER STROM GmbH');
INSERT INTO base.gridoperators (id, name) VALUES ('AT003311', 'Elektrizitätswerk Perg GmbH');
INSERT INTO base.gridoperators (id, name) VALUES ('AT003310', 'Elektrizitätswerk Perg GmbH');
INSERT INTO base.gridoperators (id, name) VALUES ('AT003304', 'WELSSTROM_BUSINESS');
INSERT INTO base.gridoperators (id, name) VALUES ('AT003303', 'Wels Strom ÖKO GmbH');
INSERT INTO base.gridoperators (id, name) VALUES ('AT003301', 'Wels Strom GmbH');
INSERT INTO base.gridoperators (id, name) VALUES ('AT003300', 'eww ag');
INSERT INTO base.gridoperators (id, name) VALUES ('AT003202', 'ENERGIE RIED Trade');
INSERT INTO base.gridoperators (id, name) VALUES ('AT003200', 'ENERGIE RIED GmbH');
INSERT INTO base.gridoperators (id, name) VALUES ('AT003106', 'Linz Öko-EnergievertriebsGmbH');
INSERT INTO base.gridoperators (id, name) VALUES ('AT003101', 'Linz Strom Vertrieb GmbH & Co KG');
INSERT INTO base.gridoperators (id, name) VALUES ('AT003100', 'LINZ NETZ GmbH');
INSERT INTO base.gridoperators (id, name) VALUES ('AT003005', 'Energie AG Oberösterreich');
INSERT INTO base.gridoperators (id, name) VALUES ('AT003003', 'Energie AG Oberösterreich Vertrieb GmbH');
INSERT INTO base.gridoperators (id, name) VALUES ('AT003000', 'Netz Oberösterreich GmbH');
INSERT INTO base.gridoperators (id, name) VALUES ('AT002910', 'Elektrizitätswerk Clam');
INSERT INTO base.gridoperators (id, name) VALUES ('AT002900', 'E-Werk Sarmingstein Ing. H. Engelmann & Co KG');
INSERT INTO base.gridoperators (id, name) VALUES ('AT002400', 'Heinrich Polsterer und Mitges GesnbR');
INSERT INTO base.gridoperators (id, name) VALUES ('AT002301', 'Licht- und Kraftstromvertrieb der Gemeinde Opponitz');
INSERT INTO base.gridoperators (id, name) VALUES ('AT002300', 'Licht- und Kraftstromvertrieb der Gemeinde Opponitz');
INSERT INTO base.gridoperators (id, name) VALUES ('AT002290', 'Forstverwaltung Neuhaus Alpl Kraftwerksbetrieb');
INSERT INTO base.gridoperators (id, name) VALUES ('AT002280', 'Forstverwaltung Seehof GmbH');
INSERT INTO base.gridoperators (id, name) VALUES ('AT002271', 'Polsterer Kerres Ruttin Holding GmbH');
INSERT INTO base.gridoperators (id, name) VALUES ('AT002270', 'Polsterer Kerres Ruttin Holding GmbH');
INSERT INTO base.gridoperators (id, name) VALUES ('AT002250', 'E-Werk Schwaighofer GmbH');
INSERT INTO base.gridoperators (id, name) VALUES ('AT002231', 'wüsterstrom E-Werk GmbH');
INSERT INTO base.gridoperators (id, name) VALUES ('AT002230', 'wüsterstrom E-Werk GmbH');
INSERT INTO base.gridoperators (id, name) VALUES ('AT002220', 'Anton Kittel Mühle Plaika GmbH');
INSERT INTO base.gridoperators (id, name) VALUES ('AT002211', 'Elektrizitätswerke Eisenhuber GmbH & CoKG');
INSERT INTO base.gridoperators (id, name) VALUES ('AT002210', 'Elektrizitätswerke Eisenhuber GmbH & Co KG');
INSERT INTO base.gridoperators (id, name) VALUES ('AT002130', 'Licht- und Kraftvertrieb der Gemeinde Hollenstein an der Ybbs');
INSERT INTO base.gridoperators (id, name) VALUES ('AT002121', 'Licht- und Kraftstromvertrieb der Marktgemeinde Göstling an der Ybbs');
INSERT INTO base.gridoperators (id, name) VALUES ('AT002120', 'Licht- und Kraftvertrieb der Marktgemeinde Göstling an der Ybbs');
INSERT INTO base.gridoperators (id, name) VALUES ('AT002111', 'Stadtwerke Amstetten GmbH');
INSERT INTO base.gridoperators (id, name) VALUES ('AT002110', 'Stadtwerke Amstetten GmbH');
INSERT INTO base.gridoperators (id, name) VALUES ('AT002004', 'EVN Vertrieb GmbH & Co KG');
INSERT INTO base.gridoperators (id, name) VALUES ('AT002000', 'Netz Niederösterreich GmbH');
INSERT INTO base.gridoperators (id, name) VALUES ('AT001002', 'Wien Energie Vertrieb GmbH & Co KG');
INSERT INTO base.gridoperators (id, name) VALUES ('AT001001', 'Wien Energie GmbH');
INSERT INTO base.gridoperators (id, name) VALUES ('AT001000', 'Wiener Netze GmbH');
INSERT INTO base.gridoperators (id, name) VALUES ('AT000301', 'Ennskraftwerke AG');
INSERT INTO base.gridoperators (id, name) VALUES ('AT000251', 'E-Werk Schwaighofer GmbH');
INSERT INTO base.gridoperators (id, name) VALUES ('AT000006', 'VERBUND Energy4Business GmbH');
INSERT INTO base.gridoperators (id, name) VALUES ('AT000004', 'VERBUND Hydro Power GmbH');
INSERT INTO base.gridoperators (id, name) VALUES ('AT000002', 'VERBUND AG');
